{
  "classification": "VALUE",
  "expected_value": 94.49999999999999,
  "fold_equity": 0.8899999999999999,
  "hero_equity_vs_calling": 0.5,
  "break_even_equity": 0.25,
  "required_fold_equity": 0.0,
  "opponent_range_size": 169,
  "calling_range_size": 169,
  "bet_size_ratio": 0.5,
  "analysis_details": {
    "opponent_range": {
      "AA": 5.923234876006949e-05,
      "KK": 5.923234876006949e-05,
      "QQ": 5.923234876006949e-05,
      "JJ": 5.923234876006949e-05,
      "TT": 0.00019744116253356494,
      "99": 0.00019744116253356494,
      "AKs": 5.923234876006949e-05,
      "AQs": 0.00019744116253356494,
      "AJs": 0.00019744116253356494,
      "ATs": 0.00019744116253356494,
      "A9s": 0.00019744116253356494,
      "AKo": 5.923234876006949e-05,
      "AQo": 0.00019744116253356494,
      "AJo": 0.00019744116253356494,
      "KQs": 0.00019744116253356494,
      "KJs": 0.00019744116253356494,
      "KTs": 0.00019744116253356494,
      "KQo": 0.00019744116253356494,
      "KJo": 0.00019744116253356494,
      "QJs": 0.00019744116253356494,
      "QTs": 0.00019744116253356494,
      "QJo": 0.00019744116253356494,
      "JTs": 0.00019744116253356494,
      "JTo": 0.00710788185120834,
      "T9s": 0.00019744116253356494,
      "T9o": 0.00710788185120834,
      "98s": 0.00019744116253356494,
      "98o": 0.00710788185120834,
      "87s": 0.00019744116253356494,
      "87o": 0.00710788185120834,
      "76s": 0.00019744116253356494,
      "76o": 0.00710788185120834,
      "65s": 0.00019744116253356494,
      "65o": 0.00710788185120834,
      "54s": 0.00019744116253356494,
      "54o": 0.00710788185120834,
      "88": 0.00710788185120834,
      "77": 0.00710788185120834,
      "66": 0.00710788185120834,
      "55": 0.00710788185120834,
      "44": 0.00710788185120834,
      "33": 0.00710788185120834,
      "22": 0.00710788185120834,
      "A8s": 0.00710788185120834,
      "A7s": 0.00710788185120834,
      "A6s": 0.00710788185120834,
      "A5s": 0.00710788185120834,
      "A4s": 0.00710788185120834,
      "A3s": 0.00710788185120834,
      "A2s": 0.00710788185120834,
      "ATo": 0.00710788185120834,
      "A9o": 0.00710788185120834,
      "A8o": 0.00710788185120834,
      "A7o": 0.00710788185120834,
      "A6o": 0.00710788185120834,
      "A5o": 0.00710788185120834,
      "A4o": 0.00710788185120834,
      "A3o": 0.00710788185120834,
      "A2o": 0.00710788185120834,
      "K9s": 0.00710788185120834,
      "K8s": 0.00710788185120834,
      "K7s": 0.00710788185120834,
      "K6s": 0.00710788185120834,
      "K5s": 0.00710788185120834,
      "K4s": 0.00710788185120834,
      "K3s": 0.00710788185120834,
      "K2s": 0.00710788185120834,
      "KTo": 0.00710788185120834,
      "K9o": 0.00710788185120834,
      "K8o": 0.00710788185120834,
      "K7o": 0.00710788185120834,
      "K6o": 0.00710788185120834,
      "K5o": 0.00710788185120834,
      "K4o": 0.00710788185120834,
      "K3o": 0.00710788185120834,
      "K2o": 0.00710788185120834,
      "Q9s": 0.00710788185120834,
      "Q8s": 0.00710788185120834,
      "Q7s": 0.00710788185120834,
      "Q6s": 0.00710788185120834,
      "Q5s": 0.00710788185120834,
      "Q4s": 0.00710788185120834,
      "Q3s": 0.00710788185120834,
      "Q2s": 0.00710788185120834,
      "QTo": 0.00710788185120834,
      "Q9o": 0.00710788185120834,
      "Q8o": 0.00710788185120834,
      "Q7o": 0.00710788185120834,
      "Q6o": 0.00710788185120834,
      "Q5o": 0.00710788185120834,
      "Q4o": 0.00710788185120834,
      "Q3o": 0.00710788185120834,
      "Q2o": 0.00710788185120834,
      "J9s": 0.00710788185120834,
      "J8s": 0.00710788185120834,
      "J7s": 0.00710788185120834,
      "J6s": 0.00710788185120834,
      "J5s": 0.00710788185120834,
      "J4s": 0.00710788185120834,
      "J3s": 0.00710788185120834,
      "J2s": 0.00710788185120834,
      "J9o": 0.00710788185120834,
      "J8o": 0.00710788185120834,
      "J7o": 0.00710788185120834,
      "J6o": 0.00710788185120834,
      "J5o": 0.00710788185120834,
      "J4o": 0.00710788185120834,
      "J3o": 0.00710788185120834,
      "J2o": 0.00710788185120834,
      "T8s": 0.00710788185120834,
      "T7s": 0.00710788185120834,
      "T6s": 0.00710788185120834,
      "T5s": 0.00710788185120834,
      "T4s": 0.00710788185120834,
      "T3s": 0.00710788185120834,
      "T2s": 0.00710788185120834,
      "T8o": 0.00710788185120834,
      "T7o": 0.00710788185120834,
      "T6o": 0.00710788185120834,
      "T5o": 0.00710788185120834,
      "T4o": 0.00710788185120834,
      "T3o": 0.00710788185120834,
      "T2o": 0.00710788185120834,
      "97s": 0.00710788185120834,
      "96s": 0.00710788185120834,
      "95s": 0.00710788185120834,
      "94s": 0.00710788185120834,
      "93s": 0.00710788185120834,
      "92s": 0.00710788185120834,
      "97o": 0.00710788185120834,
      "96o": 0.00710788185120834,
      "95o": 0.00710788185120834,
      "94o": 0.00710788185120834,
      "93o": 0.00710788185120834,
      "92o": 0.00710788185120834,
      "86s": 0.00710788185120834,
      "85s": 0.00710788185120834,
      "84s": 0.00710788185120834,
      "83s": 0.00710788185120834,
      "82s": 0.00710788185120834,
      "86o": 0.00710788185120834,
      "85o": 0.00710788185120834,
      "84o": 0.00710788185120834,
      "83o": 0.00710788185120834,
      "82o": 0.00710788185120834,
      "75s": 0.00710788185120834,
      "74s": 0.00710788185120834,
      "73s": 0.00710788185120834,
      "72s": 0.00710788185120834,
      "75o": 0.00710788185120834,
      "74o": 0.00710788185120834,
      "73o": 0.00710788185120834,
      "72o": 0.00710788185120834,
      "64s": 0.00710788185120834,
      "63s": 0.00710788185120834,
      "62s": 0.00710788185120834,
      "64o": 0.00710788185120834,
      "63o": 0.00710788185120834,
      "62o": 0.00710788185120834,
      "53s": 0.00710788185120834,
      "52s": 0.00710788185120834,
      "53o": 0.00710788185120834,
      "52o": 0.00710788185120834,
      "43s": 0.00710788185120834,
      "42s": 0.00710788185120834,
      "43o": 0.00710788185120834,
      "42o": 0.00710788185120834,
      "32s": 0.00710788185120834,
      "32o": 0.00710788185120834
    },
    "call_probabilities": {
      "AA": 0.11000000000000001,
      "KK": 0.11000000000000001,
      "QQ": 0.11000000000000001,
      "JJ": 0.11000000000000001,
      "TT": 0.11000000000000001,
      "99": 0.11000000000000001,
      "AKs": 0.11000000000000001,
      "AQs": 0.11000000000000001,
      "AJs": 0.11000000000000001,
      "ATs": 0.11000000000000001,
      "A9s": 0.11000000000000001,
      "AKo": 0.11000000000000001,
      "AQo": 0.11000000000000001,
      "AJo": 0.11000000000000001,
      "KQs": 0.11000000000000001,
      "KJs": 0.11000000000000001,
      "KTs": 0.11000000000000001,
      "KQo": 0.11000000000000001,
      "KJo": 0.11000000000000001,
      "QJs": 0.11000000000000001,
      "QTs": 0.11000000000000001,
      "QJo": 0.11000000000000001,
      "JTs": 0.11000000000000001,
      "JTo": 0.11000000000000001,
      "T9s": 0.11000000000000001,
      "T9o": 0.11000000000000001,
      "98s": 0.11000000000000001,
      "98o": 0.11000000000000001,
      "87s": 0.11000000000000001,
      "87o": 0.11000000000000001,
      "76s": 0.11000000000000001,
      "76o": 0.11000000000000001,
      "65s": 0.11000000000000001,
      "65o": 0.11000000000000001,
      "54s": 0.11000000000000001,
      "54o": 0.11000000000000001,
      "88": 0.11000000000000001,
      "77": 0.11000000000000001,
      "66": 0.11000000000000001,
      "55": 0.11000000000000001,
      "44": 0.11000000000000001,
      "33": 0.11000000000000001,
      "22": 0.11000000000000001,
      "A8s": 0.11000000000000001,
      "A7s": 0.11000000000000001,
      "A6s": 0.11000000000000001,
      "A5s": 0.11000000000000001,
      "A4s": 0.11000000000000001,
      "A3s": 0.11000000000000001,
      "A2s": 0.11000000000000001,
      "ATo": 0.11000000000000001,
      "A9o": 0.11000000000000001,
      "A8o": 0.11000000000000001,